product_id,supplier_name,brand,product_name,price_in_IDR
TEC-PH-10003187,"Guapa, Ltd.",Asus,"Laptop Gaming Asus G752VY-GC346T - 17.3"" FHD - Intel i7-6700HQ - Ram 32GB - Gray",12824701
OFF-BI-10000474,"Canton Agua Zarca, Ltd.",Asus,"ASUS VivoBook Ultra A412DA-EK301T Notebook - Ryzen 3-3200U - Radeon Vega 3 - 4GB - 1TB - Win10 - 14"" - Transparent Silver - ESEL",8410447
OFF-AR-10004817,"Chaparro, Ltd.",Asus,"Asus VivoBook A409FJ-EK751T - Intel i7 8565U - 8GB - 512GB SSD - MX230 2GB - Fingerprint - 14"" FHD - Win10 Home - Silver - ESEL",12501097
TEC-PH-10003811,"Llano El Irire, Ltd.",Lenovo,Laptop Lenovo B50-30 N2840 Ram 4GB HDD 500GB LCD 15.6 Inch - Windows 8 Ori,20640412
OFF-AR-10004757,"Los Angeles, Ltd.",Asus,"Asus VivoBook A407MA-BV002T Notebook - Icicle Gold - Intel N4000 - Fingerprint - 4GB - 1TB - 14""HD - Win10 - ESEL",8288393
FUR-CH-10000015,"La Aldea, Ltd.",Asus,"[Exclusive Lazada] Asus X540LA-XX3401T - Intel® Core™ i3 - RAM 4GB - 1TB - 15""- W10 - Chocolate Black - Laptop Murah",13156915
OFF-BI-10001787,"Eramon, Ltd.",Asus,Asus X541NA-BX402T - Intel Celeron N3350 - RAM 4GB - 500GB - 15.6' - Windows 10 - Silver,10497581
OFF-BI-10000404,"La Virgen, Ltd.",Asus,ASUS VIVOBOOK TP203NAH - N3350 4GB 1TB WIN10 11.6HD TOUCH ROSE GOLD,8581909
OFF-BI-10000014,"San Jose El Porvenir, Ltd.",Asus,ASUS VIVOBOOK A507UA - i3-7020U-4GB-1TB-WIN10-15.6HD-FINGERPRINT,22408037
OFF-AR-10003829,"Ayacachapa, Ltd.",Asus,Asus ROG GL503GE - EN023T - Intel® Core™ i7-8750H - RAM 8G - 1TB SSHD - NVIDIA GeForce GTX 1050 Ti - 15.6 - W10 - Metal Black - Laptop Gaming Murah (Gratis Tas) - Bergaransi,12363744
OFF-BI-10000962,"Cruzadilla, Ltd.",Asus,Asus X407UA-BV316T I Core™ i3-7020U I 4GB DDR4 I 1TB HDD + 1SLOT SSD M2 I 14.0 HD USLIM I VGA Intel I Windows 10 I NO DVDRW,9411723
OFF-BI-10001098,"Las Ventas, Ltd.",Asus,"Asus X441BA-GA613T - AMD 2-Core A6-9225 - RAM 4 GB - 1TB - AMD Radeon R4 - 14.0"" - W10 - Red - Laptop Murah (Gratis Tas) - Bergaransi",9551830
OFF-BI-10000632,"San Felipito, Ltd.",Asus,Asus VivoBook X407UA-BV421T I Core™ i3-7020U I 4GB DDR4 I 1TB HDD +1SLOT SSD M2 I 14.0 HD USLIM I WINDOWS 10 I NO ODD,7897037
OFF-BI-10001636,"Valle de Animas, Ltd.",Asus,Asus X454YI Notebook,13017467
OFF-BI-10001982,"Casas Viejas, Ltd.",Asus,"Asus X550Z-EXX211T - VGA AMD R7 M260DX 3GB - AMD FX-7500 R7 - 8GB - 1TB - Windows 10 - 15.6""",18316505
OFF-BI-10002026,"Guapa, Ltd.",Asus,"Asus Zenbook UX430UN i7 8550U - 16GB - 512GB SSD - MX150 - Win 10 - 14"" Full HD",11301235
OFF-AR-10004260,"Canton Agua Zarca, Ltd.",Asus,"Asus Transformer T100TAF Intel Atom Z3735F 1,3GHz Ram 2GB SSD 32 GB Windows 10 Layar 10 inc Touchscreen",9066303
OFF-BI-10001072,"Chaparro, Ltd.",Asus,Asus X441BA-GA412T AMD A4 - 4G - 500GB - W10 home - 14.0'' - Silver Gradient - Student laptop,6203327
OFF-BI-10001308,"Llano El Irire, Ltd.",Asus,"Asus X441MA-GA014T - Intel® Celeron® N4000 - RAM 4GB - 1Tb - 14"" - W10 - White- Laptop Murah (Gratis Tas) - Bergaransi",14652026
OFF-AP-10000576,"Los Angeles, Ltd.",Acer,Acer E5-475-31TQ Grey CORE I3-6006 Ram 4GB Hardisk 1TB Windows 10 ORI Garansi resmi ACER bonus tas laptop acer (FREE ASURANSI),23683130
FUR-TA-10001771,"La Aldea, Ltd.",Asus,【Free Pengiriman + Flash Deal】3 5 ''USB3.0 SATA Perangkat Keras Wifi Kasus Pengulang Router Nirkabel Penutup HDD Hitam,5459695
OFF-BI-10002012,"Eramon, Ltd.",Asus,ASUS ZenBook UX430UN - Intel Core i7 8550U-RAM 16GB-512GB SSD-nVidia MX150 2GB-14inch FHD-Windows 10 - Grey,13254125
TEC-PH-10004094,"La Virgen, Ltd.",Lenovo,Laptop Murah Lenovo 320 AMD A4-9120 4GB 500GB Vga Amd Windows 10 Original Garansi Resmi,15497301
OFF-LA-10000305,"San Jose El Porvenir, Ltd.",Lenovo,EXCLUSIVE PROMO Laptop Terbaru Lenovo IdeaPad 130 AMD A4 -9125 / WINDOWS 10 / AMD Radeon R3 / 4 GB DDR4 / 500 GB / 14 Inch + Anti Glare + 380 Derajat / IP130 / 1 Tahun Garansi Resmi Lenovo Indonesia,17464055
TEC-PH-10002922,"Ayacachapa, Ltd.",Asus,"LAPTOP ASUS ROG GAMING ZEPHYRUS S GX502GW-I7R731T i7-9750H 32GB 512GB RTX2070 15.6""FHD 144Hz WIN10",5440401
FUR-FU-10003374,"Cruzadilla, Ltd.",Asus,6.35 cm drive hard disk eksternal HDD sampul pelindung harddisk kantong tas membawa kasus (Hitam),22522558
OFF-AR-10003770,"Las Ventas, Ltd.",Asus,ASUS Notebook X200MA-KX637D Non Windows - Black,10808565
OFF-BI-10001628,"San Felipito, Ltd.",Asus,Asus X454YA-BX801T - AMD A8-7410 - RAM 4GB - 500GB - 14' - Windows 10 - Black,22828491
OFF-BI-10000138,"Valle de Animas, Ltd.",Asus,Asus VivoBook E203MA-TBCL232A - Intel N4000 - 2GB RAM DDR4 - 32GB EMMC - 11.6 HD LED - Windows 10 S mode - Grey,22469048
OFF-BI-10001267,"Casas Viejas, Ltd.",Asus,"Asus X441MA-GA012TIntel® Celeron® N4000- 4GB - 1TB - 14"" - W10 - Silver- Laptop Murah (Gratis Tas) - Bergansi",11960114
OFF-BI-10000773,"Guapa, Ltd.",Asus,"Asus VivoBook X441BA-GA912T - AMD A9-9425 - 4GB - 1TB - DVD RW - 14""HD - Win10 Home - Silver - ESEL",18475114
OFF-AR-10004441,"Canton Agua Zarca, Ltd.",Asus,Asus TUF FX505GE-I5T61T 15.6 Inch Slim Bezel Core i5 8300H 8GB RAM 1TB HDD GTX 1050TI 4GB Win 10 + Free GMX Shoes + Backpack,12842598
OFF-BI-10001036,"Chaparro, Ltd.",Asus,Asus X407UB-BV187T Laptop Multimedia Murah I Core™ i5-8250U I 4GB DDR4 I 1TB HDD + SLOT SSD M2 I NVIDIA GeForce MX110 2GB I WINDOWS 10 I NO DVDRW I 14.0 HD USLIM,18292279
OFF-AR-10003504,"Llano El Irire, Ltd.",Asus,Asus E203MAH-FD011T - Intel® Celeron® N4000 - 2GB - 500GB - 11.6' - W10 - Grey - Laptop Murah - Bergaransi,21224007
OFF-AR-10004010,"Los Angeles, Ltd.",Asus,Asus ROG STRIX GL553VE-FY117T With Intel Core i7-7700HQ Nvidia GTX1050Ti 4GB DDR5 16GB RAM DDR4 1TB HDD + 256 SSD + Windows 10 + Free Panasonic Headphone + Asus Rog Special Backpack Garansi Resmi 2 Tahun,19607156
OFF-AR-10004027,"La Aldea, Ltd.",Asus,Asus S330UA EY302T Core i3 8130 4GB SSD 256GB 133 FHD VGA Intel W10,5487181
OFF-BI-10001890,"Eramon, Ltd.",Asus,ASUS X541SA N3060 RAM 4GB Hardisk 500GB LCD 15inc NO OS,22543540
OFF-AR-10003190,"La Virgen, Ltd.",Asus,"ASUS A442UR-GA041T/GA402T - I5 8250U - RAM 4GB - HDD 1TB - NVIDIA GT930 2GB - 14"" DARK GREY - WINDOWS 10",10140052
OFF-BI-10001553,"San Jose El Porvenir, Ltd.",Asus,Asus X441UB-GA313T - Intel Core i3-7020U - 4GB - 1TB - NVIDIA GeForce MX110 2GB - 14.0' - W10 - Red - Laptop Murah (Gratis Tas) Bergaransi,17630953
OFF-AR-10003183,"Ayacachapa, Ltd.",Asus,Asus A407UF-BV512T Intel® Core™ i5-8250U - RAM 4GB - 1TB - 14 - W10 - ICICLE GOLD- Laptop Murah (Gratis Tas) - Bergaransi,15944845
OFF-AR-10003478,"Cruzadilla, Ltd.",Asus,"Asus E203MAH Intel® Celeron® N4000 2GB RAM 500GB HDD 11.6"" + Windows 10 + Headphone",22909884
OFF-BI-10000279,"Las Ventas, Ltd.",Asus,Asus VivoBook K403FA-EB501T,6630834
OFF-BI-10000848,"San Felipito, Ltd.",Asus,Asus X407MA-BV016T I 8GB RAM I Celeron N4000 I 500GB HDD + 1SLOT SSD M2 I 14.0 HD USLIM I Intel Graphics 600 I WINDOW 10,5454413
OFF-BI-10001721,"Valle de Animas, Ltd.",Asus,Asus X540NA - GQ017 - Black,14062020
TEC-PH-10003988,"Casas Viejas, Ltd.",Lenovo,Laptop Lenovo x230 i7,5431559
TEC-AC-10002942,"Guapa, Ltd.",Asus,HDD menutupi kasus Hard Drive Disk SATA eksternal USB3.0 bawaan penyimpanan HDD kandang,11346251
OFF-BI-10001758,"Canton Agua Zarca, Ltd.",Asus,ASUS X540UA-GQ103 RAM 8GB DDR4 i7-7500U 1TB HDD Intel® HD Graphics 620 15.6 HD SLIM Endless OS BLACK,22716447
OFF-BI-10000343,"Chaparro, Ltd.",Asus,ASUS VivoBook S430UN-EB531T [90NB0J41-M02310] - Firmament Green,16850722
OFF-AR-10003732,"Llano El Irire, Ltd.",Asus,"ASUS FX 1TB 2.5"" USB 3.1 Gen1 HDD/ Hardisk/ Harddisk Eksternal/ External Hard Drive with Aura Sync RGB",21476993
OFF-BI-10000591,"Los Angeles, Ltd.",Asus,"Asus VivoBook Ultra K403FA-EB501T - Intel i5 8265U - 8GB - 512GB SSD - Intel UHD 620 - Fingerprint - 14"" FHD - Win10 Home - Silver Blue - ESEL",13073445
OFF-AR-10003156,"La Aldea, Ltd.",Asus,"ASUS A407MA-BV002T Gold - Intel N4000,4GB,1TB,14 inch HD,W10",4307781
FUR-BO-10004834,"Eramon, Ltd.",Asus,"[Exclusive Lazada] Asus X540LA-XX3402T - Intel® Core™ i3 - RAM 4GB - 1TB - 15"" - W10 - SILVER GRADIENT - Laptop Murah",20512427
OFF-AR-10003087,"La Virgen, Ltd.",Asus,Asus A407MA-BV002T - Intel® Celeron® N4000 - RAM 4GB - 1TB - 14.0' - W10 - Ice gold - Laptop Murah (Gratis Tas) - Bergaransi,4413554
FUR-CH-10000229,"San Jose El Porvenir, Ltd.",Lenovo,"[Exclusive Lazada] Lenovo Ideapad 330 - 14AST - AMD A6-9225 APU - 4GB - 500GB - 14"" - ODD - W10 - Black - Laptop Murah (Gratis Tas) - Bergaransi",10087850
OFF-BI-10001900,"Ayacachapa, Ltd.",Asus,"ASUS X550Z AMD FX 7500 2,1 GHz Ram 8 GB Hardisk 1 TB VGA AMD Radeon 3 GB Windows 10 LCD 15,6 inc",12542145
TEC-PH-10003931,"Cruzadilla, Ltd.",Lenovo,Laptop Lenovo Ideapad 310-14IKB Layar FHD 14 Inch Core i5 Kabylake Ram 4Gb HDD 1TB Nvidia 2GB WIndows 10 PROMO,16869105
TEC-PH-10004120,"Las Ventas, Ltd.",Lenovo,"Laptop pelajar!! Lenovo IP 110 14IBR Celeron N3060 1,6GHZ Ram 4GB Hardisk 500GB Harga Murah",23977077
OFF-BI-10001543,"San Felipito, Ltd.",Asus,Asus X441UB-GA312T - Intel Core i3-7020U - 4GB - 1TB - 14.0' - W10 - Silver - Laptop Murah,4710356
OFF-BI-10000822,"Valle de Animas, Ltd.",Asus,"Asus VivoBook X441UB-GA312T - Intel i3 7020U - 4GB - 1TB - MX110-2GB - 14"" - Win10 Home - Silver - ESEL",18953710
OFF-AR-10003394,"Casas Viejas, Ltd.",Asus,"ASUS E202SA N3060 - Ram 2GB - HDD 500GB - LCD 11.6 "" - Windows 10",22578509
OFF-LA-10000407,"Guapa, Ltd.",Lenovo,EXCLUSIVE PROMO Laptop Terbaru Lenovo IdeaPad 130 AMD A4 -9125 / WINDOWS 10 / AMD Radeon R3 / 4 GB DDR4 / 500GB / 14 Inch HD + Anti Glare + 380 Derajat / IP130 / 14AST / 1 Tahun Garansi Resmi Lenovo Indonesia,18599185
OFF-AR-10002987,"Canton Agua Zarca, Ltd.",Asus,Asus A407MA-BV001T - Intel® Celeron® N4000 - RAM 4GB - 1TB - 14.0' - W10 - Grey - Laptop Murah (Gratis Tas) - Bergansi,19270440
OFF-AR-10003696,"Chaparro, Ltd.",Asus,"ASUS E402BA-GA001T Dark Blue (AMD A4-9125/4GB/500GB/RADEON R3/14""/Win10)",9843743
OFF-BI-10000666,"Llano El Irire, Ltd.",Asus,"Asus VivoBook X441BA-GA432T - AMD A4-9125 - 4GB - 1TB - DVD RW - 14""HD - Win10 Home - Silver - ESEL",20985616
OFF-AR-10004930,"Los Angeles, Ltd.",Asus,"Asus VivoBook A409FJ-EK752T - Intel i7 8565U - 8GB - 512GB SSD - MX230 2GB - Fingerprint - 14"" FHD - Win10 Home - Grey - ESEL",18183080
OFF-AR-10003251,"La Aldea, Ltd.",Asus,"Asus A456UR i5 Vga2GB Ram4GB Hd1TB 14"" GaransiResmi",20676884
OFF-AR-10003560,"Eramon, Ltd.",Asus,Asus E203MAH-FD013T - Intel® Celeron® N4000 - RAM 2GB - 500GB - 11.6' - W10 - Petal Pink - Laptop Murah - Bergaransi,5845007
OFF-AR-10003651,"La Virgen, Ltd.",Asus,Asus E203NAH-FD012T Notebook [Intel N3350/ 2GB/ 500GB/ Win 10],21712847
OFF-BI-10000778,"San Jose El Porvenir, Ltd.",Asus,"Asus VivoBook X441UA-GA312T Notebook - Core i3-7020U - 4GB - 1TB - DVD RW - 14""HD - Win10 Home - Silver - ESEL",17711314
OFF-BI-10000145,"Ayacachapa, Ltd.",Asus,Asus VivoBook E203MA-TBCL232A - N4000 - 2GB DDR4 - 32Gb EMMC - 11.6 HD LED - Windows 10 Home In S mode 64-Bit - Grey,22233137
OFF-AR-10003772,"Cruzadilla, Ltd.",Asus,Asus Notebook X441UA Intel® Core™ i3-7020U 4GB RAM 1TB HDD + Windows 10 + Free Headphone + Backpack,4364414
OFF-BI-10002897,"Las Ventas, Ltd.",Lenovo,Baru!!Lenovo Ideapad 310 14IKB Core I5 7200 Ram 4GB Hardisk 1TB NvidiaGforce 2GB Windows 10,16414309
TEC-PH-10002834,"San Felipito, Ltd.",Lenovo,"Laptop 14"" Lenovo Ideapad 110-14IBR DOS Intel N3060 RAM 4GB HDD 500GB Hanya 3 Juta-An",12305760
OFF-BI-10001153,"Valle de Animas, Ltd.",Asus,"Asus X441MA-GA004T - Intel Celeron N4000 - RAM 4GB - 500GB - 14"" - Windows - White",12582447
OFF-BI-10000309,"Casas Viejas, Ltd.",Asus,"Asus VivoBook Max X441MA-GA014T - Intel N4000 - 4GB - 1TB - DVD RW - 14"" - Win10 Home - White - ESEL",10611199
FUR-TA-10000617,"Guapa, Ltd.",Asus,"【Crystalawaking】2.5 \ ""USB 3.0 SATA Hd Box HDD Hard Drive Kasus Lampiran Eksternal",15201160
OFF-AR-10003045,"Canton Agua Zarca, Ltd.",Asus,"ASUS A407MA-BV001T Grey - Intel N4000,4GB,1TB,14 inch HD,W10",6233666
OFF-AR-10003752,"Chaparro, Ltd.",Asus,ASUS Notebook E203MAH-FD013T [90NB0J13-M00110] - Petal Pink,23689349
OFF-BI-10001078,"Llano El Irire, Ltd.",Asus,"Asus X441BA-GA611T - AMD® APU A6-9225 - RAM 4GB - 1Tb - AMD Radeon R4 - 14"" - W10 - Brown - Laptop Murah (Gratis Tas) - Bergaransi",8988083
TEC-PH-10002885,"Los Angeles, Ltd.",Acer,Laptop Acer E5-475G-541U Core i5-7200U RAM 4GB NVIDIA 940MX (FREE ASURANSI),22488632
OFF-AR-10003373,"La Aldea, Ltd.",Asus,"Asus E202S Notebook 11.6"" - Black",14545414
TEC-PH-10003963,"Eramon, Ltd.",Lenovo,"Laptop Lenovo Ideapad V130-15IGM Intel N4000 RAM 4GB HARDISK 500GB DVDRW Layar 15.6"" Inc DOS HITAM",15174411
OFF-AR-10003958,"La Virgen, Ltd.",Asus,ASUS ROG Strix GL503GE-EN023T - Metal Black,18148697
OFF-BI-10001597,"San Jose El Porvenir, Ltd.",Asus,"Asus X454YA-BX801D - AMD A8-7410 - RAM 4GB - 500GB - Radeon R5 - 14"" - DOS - Hitam",20140577
TEC-PH-10004071,"Ayacachapa, Ltd.",Asus,Laptop Murah Asus X540NA Processor Intel Celeron N3350 Ram 4GB Hdd 500GB Bonus Tas Layar 15.6Inch,23970189
OFF-AR-10003631,"Cruzadilla, Ltd.",Asus,Asus E203MAH-FD412T - Intel Celeron N4000 - RAM 4GB - 500GB - 11.6' - Windows 10 - Pearl White Laptop Murah - Bergaransi,20470025
TEC-PH-10003171,"Las Ventas, Ltd.",Lenovo,Laptop Gaming !! Lenovo 310 14IKB Core I5 Kabylake Vga 2 GB Windows 10 Ori,13566446
OFF-AR-10003602,"San Felipito, Ltd.",Asus,"ASUS E203MAH-FD411T DualCore N4000-4GB-500GB-11.6""-Win10-Star Grey",21901549
TEC-PH-10004093,"Valle de Animas, Ltd.",Asus,Laptop Murah ASUS X541S-XO042 Celeron N3350 - RAM 4GB - HDD 500GB - 15 Hitam,9981310
TEC-PH-10003357,"Casas Viejas, Ltd.",Lenovo,Laptop Gaming Lenovo V330 - Intel I5-8250U Ram 8GB HDD 1TB VGA AMD 2GB - 15.6 Inch FHD -Abu-Abu,10883511
OFF-BI-10000136,"Guapa, Ltd.",Asus,"ASUS VivoBook E203MAH-FD412T Notebook - Intel N4000 - 4GB - 500GB - Win 10 - 11.6"" - Pearl White - ESEL",21461836
OFF-BI-10001249,"Canton Agua Zarca, Ltd.",Asus,ASUS X441MA-GA012T Silver -Dualcore N4000-4GB-1TB-Win10,6733579
TEC-PH-10004434,"Chaparro, Ltd.",Asus,"Laptopnya Content Creator, Desain dan Gaming ASUS A411QA-BV201T Grey - AMD A12 9720 8GB 1TB Radeon R7 14inch HD Windows 10 Original Garansi Resmi ASUS 2Tahun",17193898
OFF-BI-10001679,"Llano El Irire, Ltd.",Asus,Asus X540LA-XX988 With 8GB RAM I Core™ i3-5005U I 1TB HDD I Intel® HD Graphics 5500 I 15.6 HD SLIM GL I DVDRW I DOS,6136896
OFF-BI-10002799,"Los Angeles, Ltd.",Lenovo,"Baru !! LENOVO IdeaPad 320-14IKB-3UID 14""/Core i5-7200U/4GB/1TB/Nvidia Geforce 920MX 2GB/DOS - Silver",8497277
OFF-AR-10003158,"La Aldea, Ltd.",Asus,"Asus A407UA-BV319T - Intel® Core™ i3-7020U - 4GB - 1TB - 14"" - W10 - Grey - Laptop Murah (Gratis Tas) - Bergaransi",21463622
OFF-BI-10001634,"Eramon, Ltd.",Asus,Asus X454YA-EX101T Notebook - Black [14-AMD E1-7010/2GB/500GB/R2/Win 10],6188107
OFF-AP-10001626,"La Virgen, Ltd.",Acer,Acer Switch One with Windows 10 MMC 32GB & Hardisk 500GB DUAL CAMERA (FREE ASURANSI),16217735
OFF-BI-10001120,"San Jose El Porvenir, Ltd.",Asus,"Asus X441BA-GA913T - AMD 2-Core A9-9425 - RAM 4GB - 1TB-AMD Radeon R5 graphics - 14"" - W10 - Red - Laptop Murah (Gratis Tas) - Bergaransi",10787162
OFF-AR-10003469,"Ayacachapa, Ltd.",Asus,"Asus E202SA-FD113D - Intel Celeron N3060 - RAM 2GB - 500GB - 11.6"" - DOS - Thunder Blue",12256368
OFF-BI-10001097,"Cruzadilla, Ltd.",Asus,"Asus X441BA-GA612T - AMD 2 - Core A6-9225 - RAM 4 GB - 1TB - AMD Radeon R4 - 14.0"" - W10 - SILVER GRADIENT - Laptop Murah (Gratis Tas) - Bergaransi",9331005
OFF-BI-10001460,"Las Ventas, Ltd.",Asus,"Asus X441UA-GA311T - Intel® Core™ i3-7020U - RAM 4GB - 1TB - 14"" - W10 - Black - Laptop Murah (Gratis Tas) - Bergaransi",20543412
OFF-AR-10004062,"San Felipito, Ltd.",Asus,Asus TP410UF-EC069T - Intel corei5-8250U - 8GB -1TB+128G SATA - NVIDIA GeForce MX130 -14 - W10 - Grey - Laptop Murah (Gratis Tas) - Bergaransi,23972384
OFF-BI-10000174,"Valle de Animas, Ltd.",Asus,"Asus VivoBook E402YA-GA201T - AMD E2-7015 - 4GB - 1TB - AMD Radeon R2 - 14"" HD - Win10 - White - ESEL",14470908
TEC-PH-10003505,"Casas Viejas, Ltd.",Asus,LAPTOP GAMING TERBAIK Asus ROG GL 552X KBL DM409T Plus Back Pack Asus ROG I7 Kabylake 8GB DDR4 HDD 1TB VGA NVIDIA GEFORCE GTX 950M 4GB Windows 10,9600671
OFF-BI-10000301,"Guapa, Ltd.",Asus,"Asus VivoBook Max X441MA-GA012T - Intel N4000 - 4GB - 1TB - DVD RW - 14"" - Win10 Home - Silver - ESEL",9324721
OFF-BI-10001765,"Canton Agua Zarca, Ltd.",Asus,"Asus X540YA-BX421/422/423 AMD E2-7110 RAM 4GB HDSD 500GB DVDRW Layar 15,6"" VGA AMD Radeon R2 - DOS - RESMI",14303721
OFF-AR-10004269,"Chaparro, Ltd.",Asus,"Asus Transformer T101HA-GR013T - Intel Atom x5-Z8350 - RAM 2GB - 128GB eMMC - 10.1"" - WIndows 10 - Grey",5408764
OFF-BI-10000216,"Llano El Irire, Ltd.",Asus,Asus Vivobook K403FA - i5-8265U 8GB 512GB 14 Inch FHD WIN10 RESMI,17791989
OFF-AR-10003056,"Los Angeles, Ltd.",Asus,Asus A407MA-BV001T N4400 1TB 14Inch,7957519
OFF-BI-10001132,"La Aldea, Ltd.",Asus,Asus X441MA GA011T Intel N4000 Ram4Gb Hdd1Tb Intel HD Graphic Windows 10 Orignal,21268907
OFF-BI-10000069,"Eramon, Ltd.",Asus,"ASUS VivoBook E203MAH-FD012T Notebook - Intel N4000 - 2GB - 500GB - Win10 Home - 11.6"" HD - Pearl White - ESEL",18653807
OFF-BI-10001670,"La Virgen, Ltd.",Asus,ASUS X540LA-XX988 I Core™ i3-5005U I 4GB RAM I 1TB HDD I 15.6 HD SLIM GL I Intel® HD Graphics 5500 I DVDRW I DOS,21513665
OFF-BI-10000315,"San Jose El Porvenir, Ltd.",Asus,"Asus VivoBook S14 S430FN - i5 8265U - 8GB - MX150 2GB - 512GB SSD - 14"" FHD - Win10 - ESEL",13804544
FUR-BO-10001798,"Ayacachapa, Ltd.",Lenovo,Lenovo Ideapad IP330 - Laptop - Black [N4000/ 14 Inch/ 4GB/ 500GB/ DVDRW/ Win10],5404905
OFF-AR-10004602,"Cruzadilla, Ltd.",Asus,Asus TUFFX505GD-I5501T - Intel Core I5-8300H - 8GB - 1TB - 15.6' - W10 - RED Fusion - Laptop gaming Murah,20465611
TEC-PH-10004042,"Las Ventas, Ltd.",Lenovo,"Laptop Murah !! Lenovo Core I3 6100 Ram 4GB Hardisk 1 TB LCD 15,6"" Windows 10",14188394
TEC-PH-10003273,"San Felipito, Ltd.",Lenovo,"LAPTOP GAMING LENOVO IP 130-15AST - AMD A4-9125 - VGA AMD RADEON R3 - RAM 4GB - HDD 1TB - DVDRW - 15.6""",21330266
OFF-BI-10000494,"Valle de Animas, Ltd.",Asus,"ASUS VivoBook Ultra A412DA-EK302T Notebook - Ryzen 3-3200U - Radeon Vega 3 - 4GB - 1TB - Win10 - 14"" - Slate Grey - ESEL",23682673
OFF-AR-10003477,"Casas Viejas, Ltd.",Asus,Asus E203MAH - FD012T-Intel® Celeron® N4000- 2GB - 500GB - 11.6' - W10 - Pearl White - Laptop Murah,9076874
OFF-AR-10003179,"Guapa, Ltd.",Asus,"Asus A407UA-BV320T - Intel® Core™ i3-7020U- 4GB - 1TB - 14"" - W10 - Icicle Gold - Laptop Murah (Gratis Tas) - Bergaransi",8958075
OFF-BI-10001107,"Canton Agua Zarca, Ltd.",Asus,"Asus X441BA-GA911T - AMD 2 - Core A9-9425 - RAM 4 GB - 1TB - AMD Radeon R5 - 14.0"" - W10 - CHOCOLATE BROWN - Laptop Murah (Gratis Tas) - Bergaransi",21945454
TEC-AC-10002718,"Chaparro, Ltd.",Asus,HDD External Enclosure Keras Disk Mendorong Kotak Kasus untuk 2.5 Inch SATA Ke USB 3.0 Sdd Adaptor (Biru) -Internasional,14047085
OFF-BI-10000977,"Llano El Irire, Ltd.",Asus,Asus X407UA-BV421T - I3 7020U - 4GB RAM - 1TB HDD - 1 Slot SSD M.2 - Intel HD Graphics 620 - Wind10 - 14.0 HD USLIM - No ODD - Gold,13048735
OFF-BI-10001196,"Los Angeles, Ltd.",Asus,"Asus X441MA-GA011T - Intel® Celeron® N4000 - RAM 4GB - 1Tb - 14"" - W10 - Black - Laptop Murah (Gratis Tas) - Bergaransi",11914830
OFF-AR-10004042,"La Aldea, Ltd.",Asus,"Asus TP203NAH - N3350 - 4GB - 1000GB - W10 - 11.6"" Convertible Touch",21622311
OFF-AR-10004165,"Eramon, Ltd.",Asus,Asus Transfomer TF300TG - Putih,23491450
FUR-CH-10000309,"La Virgen, Ltd.",Lenovo,[Exclusive Lazada] Lenovo IP 130 - 15IKB - IntelCore I3-7020U - 4GB + 4GB (8GB) - 256 SSD - 15.6” - Black - Laptop Murah ( Gratis Tas ) - Bergaransi,6260461
TEC-PH-10003012,"San Jose El Porvenir, Ltd.",Asus,"Laptop ASUS X550ZE - AMD FX-7500 - RAM 8GB - HDD 1TB - VGA R7 M260DX 3GB - Windows 10 - 15"" - Hitam",17556631
OFF-BI-10002049,"Ayacachapa, Ltd.",Asus,ASUS Zephyrus S GX531GV-I7614T - Mylar Black,10137511
TEC-PH-10003356,"Cruzadilla, Ltd.",Lenovo,Laptop Gaming Lenovo V130 Intel I5-7200U - RAM 4GB - VGA AMD 2GB DDR5 - HDD 1TB & SLOT SSD M2 - PROMO MURAH,14707280
OFF-AR-10003811,"Las Ventas, Ltd.",Asus,"Asus P2430UA i3 4GB 500GB 14"" Limited Edition",7363180
OFF-BI-10000605,"San Felipito, Ltd.",Asus,"Asus VivoBook Ultra K403FA-EB502T - Intel i5 8265U - 8GB - 512GB SSD - Intel UHD 620 - Fingerprint - 14"" FHD - Win10 Home - Pink Metal - ESEL",17868765
OFF-AR-10003759,"Valle de Animas, Ltd.",Asus,ASUS Notebook UX331UAL-EG033T - Rose Gold,10877854
OFF-AR-10003727,"Casas Viejas, Ltd.",Asus,ASUS E402YA-GA202T E402YA-GA201T - E2-7015 - RAM 4GB - HDD 1TB - 14HD -Win10 LAPTOP TERMURAH UNTUK ANAK SEKOLAH,14778944
OFF-BI-10000546,"Guapa, Ltd.",Asus,"Asus VivoBook Ultra K403FA-EB301T - Intel i3 8145U - 4GB - 512GB SSD - Intel UHD 620 - Fingerprint - 14"" FHD - Win10 Home - Silver Blue - ESEL",19240277
OFF-BI-10001658,"Canton Agua Zarca, Ltd.",Asus,Asus X540L-AXX1015D BLACK RAM4GB CORE I3 HARDISK 500GB LAYAR 15 INC DAN BONUS TAS LAPTOP ASUS (FREE ASURANSI),6228750
OFF-AR-10003856,"Chaparro, Ltd.",Asus,"Asus ROG GL503GE-EN023T - Intel® Core™ i7-8750H - RAM 8GB -1TB SSHD - NVIDIA GeForce GTX 1050 Ti - 15.6"" + Windows 10 + Free Headphone+ Backpack",10089999
OFF-AR-10004691,"Llano El Irire, Ltd.",Asus,"Asus VivoBook 14 A412FL-EK502T - Intel i5 8265U - 8GB - 512GB SSD - MX250 2GB - Fingerprint - 14"" FHD - Win10 Home - Grey - ESEL",12001563
OFF-BI-10000088,"Los Angeles, Ltd.",Asus,"ASUS VivoBook E203MAH-FD411T Notebook - Intel N4000 - 4GB - 500GB - Win10 - 11.6"" - Star Grey - ESEL",12821745
OFF-BI-10000829,"La Aldea, Ltd.",Asus,"Asus VivoBook X441UB-GA321T - Intel i3 7020U - 4GB - 1TB - MX110-2GB - 14"" - Win10 Home - Rose Gold - ESEL",23668660
OFF-BI-10000545,"Eramon, Ltd.",Asus,"ASUS VivoBook Ultra A412DA-EK303T Notebook - Ryzen 3-3200U - Radeon Vega 3 - 4GB - 1TB - Win10 - 14"" - Peacock Blue - ESEL",21857034
OFF-BI-10001294,"La Virgen, Ltd.",Asus,"Asus X441MA-GA013T - Intel® Celeron® N4000- RAM 4GB - 1TB - 14"" - W10 - Red - Laptop Murah (Gratis Tas) - Bergaransi",23007601
OFF-AR-10004999,"San Jose El Porvenir, Ltd.",Asus,ASUS VIVOBOOK A412FA - i5-8265U 8GB 512GB SSD WIN10 14FHD FINGERPRINT,4391454
OFF-AR-10004648,"Ayacachapa, Ltd.",Asus,Asus TUFFX505GD-I7501T - Intel Core i7-8750H - 8GB - 1TB - NVIDIA GeForce GTX 1050 - 15.6' - W10 - RED Fusion - Laptop Gaming Murah (Gratis Tas) - Bergaransi,8821390
OFF-AR-10004752,"Cruzadilla, Ltd.",Asus,Asus Vivobook A407MA Intel N4000 Ram4Gb HDD1TB Fingerprint Windows 10 Original,17173729
OFF-BI-10001575,"Las Ventas, Ltd.",Asus,Asus X454YA BX801D AMD A8-7410,21981992
OFF-AR-10003582,"San Felipito, Ltd.",Asus,Asus E203MAH-FD411T - Intel® Celeron® N4000 - 4GB - 500GB - 11.6' - W10 - Star Grey - Laptop Murah - Bergaransi,19506367
OFF-BI-10002003,"Valle de Animas, Ltd.",Asus,"Asus ZenBook Flip 13 UX362FA-EL501T - i5 8265U - 8GB - Intel UHD - 512GB SSD - 13.3"" FHD - Win10 - Gun Grey - ESEL",14963002
OFF-AR-10004707,"Casas Viejas, Ltd.",Asus,"Asus VivoBook 14 A412FL-EK701T - Intel i7 8565U - 8GB - 512GB SSD - MX250 2GB - Fingerprint - 14"" FHD - Win10 Home - Silver - ESEL",13577843
OFF-AR-10004974,"Guapa, Ltd.",Asus,ASUS VIVOBOOK A412DA RYZEN 5-3500U / 8GB / 1TB / VEGA / WIN10 / FINGERPRINT,8252599
OFF-AR-10003481,"Canton Agua Zarca, Ltd.",Asus,Asus E203MAH Notebook [Intel N4000 Dual Core/ 2GB/ 500GB/ Intel HD Graphics/ 11.6 Inch HD/ Windows 10],7763244
OFF-BI-10001031,"Chaparro, Ltd.",Asus,Asus X407UB Laptop Grafis I Core i3-7020U I 4GB DDR4 I 1TB HDD + SLOT SSD M2 I NVIDIA GeForce MX110 2GB I 14.0 HD USLIM I WINDOWS 10 I NO ODD,15997440
OFF-AR-10004022,"Llano El Irire, Ltd.",Asus,ASUS ROG ZEPHYRUS G GA502DU-R76601T - RYZEN 7 3750H 8GB 1TB GTX1660,11820483
TEC-PH-10004389,"Los Angeles, Ltd.",Asus,"Laptopnya Content Creator, Desain dan Gaming ASUS A411QA-BV201T Grey - AMD A12 9720 4GB 1TB Radeon R7 14inch HD Windows 10 Original Garansi Resmi ASUS 2Tahun",13592266
OFF-AR-10003986,"La Aldea, Ltd.",Asus,Asus ROG Strix GL503VM-ED287T Scar Edition GTX1060 6GB + Windows 10+ Free Headphone + Backpack,11107831
OFF-AR-10004456,"Eramon, Ltd.",Asus,"ASUS TUF Gaming FX505DT-R5617T - Ryzen 5-3550H - 8GB - 512GB SSD - NVidia GTX1650-4GB - 15.6"" FHD - Win10 Home - Stealth Black - ESEL",16855574
TEC-PH-10004165,"La Virgen, Ltd.",Asus,"LAPTOP RESMI ASUS X441NA N3350 Ram 4GB Hardisk 500GB LCD 14""- DOS",9016297
OFF-LA-10000414,"San Jose El Porvenir, Ltd.",Lenovo,EXCLUSIVE PROMO Laptop Terbaru Lenovo IdeaPad 330 -14IKB INTEL 3867U / Windows 10 / RAM 4 GB DDR4 / 1000 GB HDD / 14 inch / INTEL HD Graphics / IP 330 / 2 Tahun Garansi Resmi Lenovo Indonesia,6682747
OFF-BI-10001922,"Ayacachapa, Ltd.",Asus,"Asus X550ZE Laptop [AMD FX 7500/ 8 GB/ 1 TB/ R7 M260DX 3GB/ Win10/ 15""] FREE HP Android 5""",15247143
OFF-AR-10003338,"Cruzadilla, Ltd.",Asus,"Asus A556U-FXX039T A-Series 15.6 Laptop Blue (Core i5-6200U, Ram 4GB, HDD 1TB, NVidia GT930M Vram 2 GB, Windows 10)",14382417
OFF-BI-10001510,"Las Ventas, Ltd.",Asus,"Asus X441UA-GA312T - Intel® Core™ i3-7020U- RAM 4GB - 1TB - 14"" - W10 - Silver - Laptop Murah (Gratis Tas) - Bergaransi",4738055
OFF-BI-10001525,"San Felipito, Ltd.",Asus,Asus X441UB-GA311T - Intel Core i3-7020U - 4GB - 1TB - NVIDIA GeForce MX110 2GB - 14.0' - W10 - Black - Laptop Murah,12232811
OFF-BI-10001071,"Valle de Animas, Ltd.",Asus,ASUS X407UB-BV219T LAPTOP GRAFIS I 8GB DDR4 I Core™ i3-7020U I 1TB HDD + 1SLOT SSD M2 I 14.0 HD USLIM I NVIDIA GeForce MX110 2GB I NO DVDRW I WINDOWS 10,11125537
OFF-AR-10004344,"Casas Viejas, Ltd.",Asus,"ASUS TUF FX505GD-I7501T Black Pattern (i7-8750H/8GB/1TB/GTX1050-4GB/15.6""FHD/Win10)",6696141
TEC-PH-10003535,"Guapa, Ltd.",Asus,LAPTOP GAMING TERBAIK Asus ROG GL 552X KBL DM409T Plus Back Pack Asus ROG I7 Kabylake RAM 4GB HDD 1TB VGA NVIDIA GEFORCE GTX 950M 4GB Windows 10,22344334
OFF-BI-10001359,"Canton Agua Zarca, Ltd.",Asus,"ASUS X441SA-BX003T/BX004T WINDOWS 10 Intel 3060 RAM 2Gb HDD 500Gb Layar 14"" - RESMI",14361876
OFF-BI-10000201,"Chaparro, Ltd.",Asus,"Asus VivoBook E402YA-GA202T - AMD E2-7015 - 4GB - 1TB - AMD Radeon R2 - 14"" HD - Win10 - Dark Blue - ESEL",17331651
TEC-PH-10003885,"Llano El Irire, Ltd.",Lenovo,"Laptop Lenovo Ideapad 100-15IBD Windows 10 COre I3-5005 Ram 6GB HDD 500GB VGA Intel Layar 15,6"" (Hitam)",22681509
TEC-PH-10003875,"Los Angeles, Ltd.",Lenovo,"Laptop Lenovo Baru Yoga 520-14IKB [81C800PQID] Core i3-8130U / 8GB DDR4 / 1TB / MX130 2GB / NO DVDRW / WIN 10 / 14"" HD TOUCHSCREEN / 2 Year + Premium ONSITE Warranty [Mineral Grey] Laptop Murah",11058409
TEC-PH-10004188,"La Aldea, Ltd.",Asus,LAPTOP SLIM TIPIS ASUS A507MA - N4000- 4GB- 1TB- WIN10- 156HD,5165765
OFF-AR-10003514,"Eramon, Ltd.",Asus,"ASUS E203MAH-FD011T DualCore N4000-2GB-500GB-11.6""-Win10-Star Grey",10367403
OFF-BI-10000285,"La Virgen, Ltd.",Asus,"Asus VivoBook Max X441MA-GA011T - Intel N4000 - 4GB - 1TB - DVD RW - 14"" - Win10 Home - Black - ESEL",19202058
OFF-BI-10000042,"San Jose El Porvenir, Ltd.",Asus,ASUS VIVOBOOK E203MAH - 2GB - 500GB - PINK,18404025
OFF-AR-10004511,"Ayacachapa, Ltd.",Asus,"ASUS TUF Gaming FX505DU-R7666T - Ryzen 7-3750H - 8GB - 512GB SSD - NVidia GTX1660Ti-6GB - 15.6"" FHD - Win10 Home - Gold Steel - ESEL",21901967
OFF-BI-10001524,"Cruzadilla, Ltd.",Asus,"Asus X441UA-GA313T - Intel® Core™ i3-7020U - RAM 4GB - 1Tb - 14"" - W10 - Red- Laptop Murah ( Gratis Tas) - Bergaransi",19479539
OFF-BI-10001759,"Las Ventas, Ltd.",Asus,"Asus X540YA E1 2GB 500GB 15.6""",21145697
TEC-PH-10003800,"San Felipito, Ltd.",Lenovo,"Laptop Lenovo B50-30 Intel N2840 Ram 4GB Hdd 500GB Win8 15,6"" Black",7174595
OFF-BI-10001989,"Valle de Animas, Ltd.",Asus,Asus X550Z-EXX211T/GR,15008221
FUR-FU-10003464,"Casas Viejas, Ltd.",Asus,6.35 cm USB 2.0 IDE harddisk eksternal disk yang HDD kasus laptop PC untuk kandang BOX (Hitam),14898933
OFF-BI-10001116,"Guapa, Ltd.",Asus,"Asus X441BA-GA912T - AMD 2-Core A9-9425 - RAM 4 GB - 1TB - AMD Radeon R5 - 14.0"" - W10 - Silver Gradient - Laptop Murah (Gratis Tas) - Bergaransi",5307056
OFF-AR-10003405,"Canton Agua Zarca, Ltd.",Asus,Asus E202SA-FD112T Notebook [11.6 Inch/N3060/500GB/2GB/Win 10],5098535
OFF-BI-10000050,"Chaparro, Ltd.",Asus,"ASUS VivoBook E203MAH-FD011T Notebook - Intel N4000 - 2GB - 500GB - Win10 Home - 11.6"" HD - Star Grey - ESEL",18870830
TEC-PH-10002923,"Llano El Irire, Ltd.",Asus,Laptop ASUS VivoBook E203MA Netbook - Notebook - Windows 10 Home - Intel N4000 - Ram 2GB - 32GB EMMC,11104555
OFF-BI-10000756,"Los Angeles, Ltd.",Asus,"Asus VivoBook X441BA-GA434T - AMD A4-9125 - 4GB - 1TB - DVD RW - 14""HD - Win10 Home - Ice Blue - ESEL",5458090
OFF-AR-10004685,"La Aldea, Ltd.",Asus,"Asus VivoBook 14 A412FA-EK302T - Intel i3 8145U - 4GB - 512GB SSD - Fingerprint - 14"" FHD - Win10 Home - Grey - ESEL",7440049
OFF-BI-10001757,"Eramon, Ltd.",Asus,ASUS X540NA-GQ017 / Intel N3350 / 4GB / 500GB / Intel HD Graphics / Endless OS / DVDRW / 15.6 HD SLIM / Black / Notebook Untuk Pelajar,20127959
OFF-BI-10001617,"La Virgen, Ltd.",Asus,"Asus X454YA-BX801D - AMD Quad Core A8-7410 - 14"" - 4GB - 500GB - HDD - DOS -Black",6347185
OFF-BI-10000320,"San Jose El Porvenir, Ltd.",Asus,ASUS VIVOBOOK S14 S430FN - i7 8565U-8GB-512GB SSD-MX150 2GB-W10-14FHD,13684564
OFF-AR-10003217,"Ayacachapa, Ltd.",Asus,"ASUS A456UQ FA CORE I7 7500 2,7GHZ RAM 8GB HDD 1TB LCD 14"" Nvidia Gt 940 2GB NO OS",8927003
OFF-AR-10003903,"Cruzadilla, Ltd.",Asus,Asus ROG GL552VX-DM044T - RAM 12GB - Core i7 7700HQ - Nvidia Geforce GTX 950M (4GB DDR5) - 15.6 Inch FHD - WINDOWS 10 - Hitam,17579430
TEC-PH-10004100,"Las Ventas, Ltd.",Lenovo,Laptop Murah Lenovo Ideapad 330-15IGM - Intel N4000 - RAM 4GB - HDD 500GB,21460421
OFF-AR-10004582,"San Felipito, Ltd.",Asus,"ASUS TUF Gaming FX505GD-I5501T - Core i5-8300H - 8GB - 1TB - NVidia GTX1050-4GB - 15.6"" FHD - Win10 Home - Red Fusion - ESEL",5069735
TEC-PH-10004080,"Valle de Animas, Ltd.",Asus,Laptop Murah ASUS X541S-XO042 Celeron N3060 - RAM 4GB - HDD 500GB - 15 Hitam - Promo,21526032
OFF-AR-10004587,"Casas Viejas, Ltd.",Asus,ASUS TUF GAMING FX505GD-I7501T - i7-8750H-8GB-1TB-GTX1050-15.6FHD-W10,19778706
OFF-AR-10004078,"Guapa, Ltd.",Asus,"Asus TP412UA-EC302T - Intel corei3-8130U - 4GB- 256GB - 14"" - W10 - Silver Blue - Laptop Murah ( Gratis Tas)",12633088
TEC-PH-10003215,"Canton Agua Zarca, Ltd.",Asus,"LAPTOP GAMING ASUS ROG G501JW i7-4720HQ ULTRASLIM DDR3 8GB, 1TB Hardisk, Intel Core i7,VGA nVidia GTX960-2GB",19544324
TEC-PH-10004006,"Chaparro, Ltd.",Asus,"Laptop Murah !! ASUS X441NA N3350 Ram 4GB - Windows 10 Ori - Hdd 500GB - LCD 14 "" - Garansi Resmi",11038137
OFF-BI-10001718,"Llano El Irire, Ltd.",Asus,"ASUS X540L-JXX022D - RAM 4GB - Intel Core i3-4005U - GT920M~2GB - 15.6""LED - Hitam",16958290
OFF-BI-10000948,"Los Angeles, Ltd.",Asus,Asus X407MA-BV016T With SSD M2 240GB I N4000 I 4GB RAM I 500GB HDD I 14.0 HD USLIM I WINDOWS 10 I NO ODD I INTEL VGA,11324748
OFF-BI-10000831,"La Aldea, Ltd.",Asus,"Asus X200MA-KX636D - 11.6"" - Intel Dual Core N2840 - 2GB RAM - Putih",19957945
